INSERT INTO pharmacy_management.administration_routes (administration_route_id, administration_route_name)
VALUES ('1.01', N'Uống'),
       ('1.02', N'Ngậm'),
       ('1.03', N'Nhai'),
       ('1.04', N'Đặt dưới lưỡi'),
       ('1.05', N'Ngậm dưới lưỡi'),
       ('2.01', N'Tiêm bắp'),
       ('2.02', N'Tiêm dưới da'),
       ('2.03', N'Tiêm trong da'),
       ('2.04', N'Tiêm tĩnh mạch'),
       ('2.05', N'Tiêm truyền tĩnh mạch'),
       ('2.06', N'Tiêm vào ổ khớp'),
       ('2.07', N'Tiêm nội nhãn cầu'),
       ('2.08', N'Tiêm trong dịch kính của mắt'),
       ('2.09', N'Tiêm vào các khoang của cơ thể'),
       ('2.10', N'Tiêm'),
       ('2.11', N'Tiêm động mạch khối u'),
       ('2.12', N'Tiêm vào khoang tự nhiên'),
       ('2.13', N'Tiêm vào khối u'),
       ('2.14', N'Truyền tĩnh mạch'),
       ('2.15', N'Tiêm truyền'),
       ('3.01', N'Bôi'),
       ('3.02', N'Xoa ngoài'),
       ('3.03', N'Dán trên da'),
       ('3.04', N'Xịt ngoài da'),
       ('3.05', N'Dùng ngoài'),
       ('4.01', N'Đặt âm đạo'),
       ('4.02', N'Đặt hậu môn'),
       ('4.03', N'Thụt hậu môn - trực tràng'),
       ('4.04', N'Đặt'),
       ('4.05', N'Đặt tử cung'),
       ('4.06', N'Thụt'),
       ('5.01', N'Phun mù'),
       ('5.02', N'Dạng hít'),
       ('5.03', N'Bột hít'),
       ('5.04', N'Xịt'),
       ('5.05', N'Khí dung'),
       ('5.06', N'Đường hô hấp'),
       ('5.07', N'Xịt mũi'),
       ('5.08', N'Xịt họng'),
       ('5.09', N'Thuốc mũi'),
       ('5.10', N'Nhỏ mũi'),
       ('6.01', N'Nhỏ mắt'),
       ('6.02', N'Tra mắt'),
       ('6.03', N'Thuốc mắt'),
       ('6.04', N'Nhỏ tai'),
       ('9.01', N'Áp ngoài da'),
       ('9.02', N'Áp sát khối u'),
       ('9.03', N'Bình khí lỏng hoặc nến'),
       ('9.04', N'Bính khí nén'),
       ('9.05', N'Bôi trực tràng'),
       ('9.06', N'Đánh tưa lưỡi'),
       ('9.07', N'Cấy vào khối u'),
       ('9.08', N'Chiếu ngoài'),
       ('9.09', N'Dung dịch'),
       ('9.10', N'Dung dịch rửa'),
       ('9.11', N'Dung dịch thẩm phân'),
       ('9.12', N'Phun'),
       ('9.13', N'Túi'),
       ('9.14', N'Hỗn dịch'),
       ('9.15', N'Bột đông khô để pha hỗn dịch'),
       ('9.16', N'Phức hợp lipid'),
       ('9.17', N'Liposome'),
       ('9.18', N'Polymeric micelle');

# --Thêm dữ liệu promotionType
INSERT INTO pharmacy_management.promotion_types(promotion_type_id, promotion_type_name)
VALUES ('PR01', N'Khuyến mãi từ nhà cung cấp'),
       ('PR02', N'Khuyến mãi theo tháng'),
       ('PR03', N'Khuyến mãi theo hạn dùng'),
       ('PR00', N'Khuyến mãi ngoài');

# UPDATE accounts
# SET is_logged_in = false
# WHERE account_id like 'EP1501';

# --Thêm dữ liệu Promotion
INSERT INTO pharmacy_management.promotions(promotion_id, promotion_name, start_date, end_date, status, promotion_type_id,
                                           discount)
VALUES ('PR02102410102401', N'Khuyến mãi đợt 1 tháng 10', '2024-02-10', '2024-10-10', 0, 'PR01', 0.5),
       ('PR20102430102402', N'Khuyến mãi đợt 2 tháng 10', '2024-10-20', '2024-10-30', 0, 'PR02', 0.3),
       ('PR02112410112401', N'Khuyến mãi đợt 1 tháng 11', '2024-11-02', '2024-11-10', 0, 'PR02', 0.6),
       ('PR03022505052501', N'Khuyến mãi đợt 1 tháng 04', '2025-02-03', '2025-05-05', 1, 'PR03', 0.3),
       ('PR16042512062502', N'Khuyến mãi đợt 2 tháng 04', '2025-04-16', '2025-06-12', 0, 'PR00', 0.5);


#     --Thêm dữ liệu Category
INSERT INTO pharmacy_management.categories(category_id, category_name)
VALUES ('CA001', N'Nhóm thuốc giảm đau, hạ sốt'),
       ('CA002', N'Nhóm thuốc kháng sinh'),
       ('CA003', N'Nhóm thuốc kháng viêm'),
       ('CA004', N'Nhóm thuốc kháng virus'),
       ('CA005', N'Nhóm thuốc ho và long đờm'),
       ('CA006', N'Nhóm thuốc dạ dày'),
       ('CA007', N'Nhóm thuốc tiêu hóa'),
       ('CA008', N'Nhóm thuốc trị rối loạn kinh nguyệt'),
       ('CA009', N'Nhóm thuốc huyết áp - tim mạch'),
       ('CA010', N'Nhóm thuốc điều trị rối loạn lipid máu'),
       ('CA011', N'Nhóm thuốc tránh thai'),
       ('CA012', N'Nhóm thuốc kháng nấm'),
       ('CA013', N'Nhóm thuốc cải thiện tuần hoàn máu não, chóng mặt'),
       ('CA014', N'Nhóm thuốc điều trị các bệnh về gan'),
       ('CA015', N'Nhóm thuốc điều trị bệnh sỏi thận'),
       ('CA016', N'Nhóm thuốc xổ giun'),
       ('CA017', N'Nhóm thuốc nhỏ mắt'),
       ('CA018', N'Nhóm thuốc dùng ngoài'),
       ('CA019', N'Nhóm vật tư y tế'),
       ('CA020', N'Nhóm thực phẩm chức năng');

-- Thêm dữ liệu Vendor
INSERT INTO pharmacy_management.vendors(vendor_id, vendor_name, country)
VALUES ('VDVN001', N'Công ty CP Dược Phẩm Agimexpharm', N'Việt Nam'),
       ('VDVN002', N'Công ty CP Dược Phẩm Savi', N'Việt Nam'),
       ('VDVN003', N'Công ty CP Dược Phẩm Khánh Hòa', N'Việt Nam');

-- Thêm dữ liệu Manager
INSERT INTO pharmacy_management.managers(manager_id, manager_name, phone_number, birth_date, gender, degree, email,
                                         address, status)
VALUES ('MN001', N'Huỳnh Thanh Giang', '0961416115', '1994-05-12', 0, N'Thạc sĩ', 'htg1882004@gmail.com',
        N'12, Nguyễn Văn Bảo, P.4, Q.GV, HCM', 1);

-- Thêm dữ liệu Employee
INSERT INTO pharmacy_management.employees(employee_id, employee_name, phone_number, birth_date, gender, degree, email,
                                          address, status)
VALUES ('EP1501', N'Nguyễn Thị Mỹ Duyên', '0961416115', '1999-02-27', 1, N'Thạc sĩ', 'nguyenmyduyen2702@gmail.com',
        N'12, Nguyễn Văn Bảo, P.4, Q.GV, HCM', 1),
       ('EP0302', N'Hồ Quang Nhân', '0399754203', '1999-07-19', 0, N'Đại học', 'hqn19072004@gmail.com',
        N'12, Nguyễn Văn Bảo, P.4, Q.GV, HCM', 1),
       ('EP0903', N'Phan Phước Hiệp', '0961416115', '1999-11-27', 0, N'Đại học', 'phanphuochhiep2004@gmail.com',
        N'12, Nguyễn Văn Bảo, P.4, Q.GV, HCM', 1),
       ('EP0949', N'Huỳnh Thanh Giang', '0949770422', '1999-11-27', 0, N'Đại học', 'htg1882004@gmail.com',
        N'12, Nguyễn Văn Bảo, P.4, Q.GV, HCM', 1),
       ('EP1502', N'Nguyễn Thị Mỹ Duyên', '0961416115', '1999-02-27', 1, N'Thạc sĩ', 'nguyenmyduyen2702@gmail.com',
        N'12, Nguyễn Văn Bảo, P.4, Q.GV, HCM', 1),
       ('EP0303', N'Hồ Quang Nhân', '0399754203', '1999-07-19', 0, N'Đại học', 'hqn19072004@gmail.com',
        N'12, Nguyễn Văn Bảo, P.4, Q.GV, HCM', 1),
       ('EP0904', N'Phan Phước Hiệp', '0961416115', '1999-11-27', 0, N'Đại học', 'phanphuochhiep2004@gmail.com',
        N'12, Nguyễn Văn Bảo, P.4, Q.GV, HCM', 1),
       ('EP0950', N'Huỳnh Thanh Giang', '0949770422', '1999-11-27', 0, N'Đại học', 'htg1882004@gmail.com',
        N'12, Nguyễn Văn Bảo, P.4, Q.GV, HCM', 1);


-- Thêm dữ liệu Account
INSERT INTO pharmacy_management.accounts (account_id, password, manager_id, employee_id, is_logged_in)
VALUES ('MN001', 'MN001@', 'MN001', null, false),
       ('EP1501', 'EP1501@', 'MN001', 'EP1501', false),
       ('EP0302', 'EP0302@', 'MN001', 'EP0302', false),
       ('EP0903', 'EP0903@', 'MN001', 'EP0903', false),
       ('EP0949', 'EP0949@', 'MN001', 'EP0949', false),
       ('EP1502', 'EP1502@', 'MN001', 'EP1502', false),
       ('EP0303', 'EP0303@', 'MN001', 'EP0303', false),
       ('EP0904', 'EP0904@', 'MN001', 'EP0904', false),
       ('EP0950', 'EP0950@', 'MN001', 'EP0950', false);


-- Thêm dữ liệu Customer
INSERT INTO pharmacy_management.customers (customer_name, phone_number, customer_id, gender, birth_date, point, email,
                                           addr)
VALUES (N'Trần Nguyễn Gia Bảo', '0123456789', 'C271024001', 0, '2000-07-05', 20, 'giabao@gmail.com', -- Dữ liệu gốc 1
        N'12, Nguyễn Văn Bảo, P.4, Q.GV, HCM'),
       (N'Nguyễn Thanh Kiều', '0123456798', 'C271024002', 0, '2004-12-26', 0, 'thanhkieu@gmail.com', -- Dữ liệu gốc 2
        N'12, Nguyễn Văn Bảo, P.4, Q.GV, HCM'),
       (N'Nguyễn Hiền', '0123456987', 'C271024003', 1, '2000-02-09', 10, 'hien2281@gmail.com', -- Dữ liệu gốc 3
        N'12, Nguyễn Văn Bảo, P.4, Q.GV, HCM'),
       -- Dữ liệu khách hàng mới phát sinh (tiếp theo từ C271024004):
       (N'Phạm Văn Cường', '0123456111', 'C271024004', 0, '1995-03-15', 5, 'cuongpv@gmail.com',
        N'25, Đinh Tiên Hoàng, P.Bến Nghé, Q.1, TP.HCM'),
       (N'Lê Thị Thảo', '0123456222', 'C271024005', 1, '2001-11-20', 0, 'thaolt@gmail.com',
        N'45, Hai Bà Trưng, P.Bến Nghé, Q.1, TP.HCM'),
       (N'Huỳnh Tấn Phát', '0123456333', 'C271024006', 0, '1998-09-10', 15, 'phatht@gmail.com',
        N'8, Quang Trung, P.10, Q.Gò Vấp, TP.HCM'),
       (N'Ngô Thị Kim Oanh', '0123456444', 'C271024007', 1, '2003-01-30', 0, 'oanhtk@gmail.com',
        N'1A, Phan Văn Trị, P.5, Q.Gò Vấp, TP.HCM'),
       (N'Trần Minh Trí', '0123456555', 'C271024008', 0, '1990-06-25', 30, 'trantri@gmail.com',
        N'50, Trường Chinh, P.14, Q.Tân Bình, TP.HCM'),
       (N'Võ Ngọc Ánh', '0123456666', 'C271024009', 1, '1997-04-12', 5, 'anhvn@gmail.com',
        N'100, Cộng Hòa, P.4, Q.Tân Bình, TP.HCM'),
       (N'Đặng Văn Hùng', '0123456777', 'C271024010', 0, '2002-08-01', 0, 'hungdv@gmail.com',
        N'75, An Dương Vương, P.An Lạc A, Q.Bình Tân, TP.HCM');

-- Thêm dữ liệu Presciption
INSERT INTO pharmacy_management.prescriptions (prescription_id, create_date, diagnosis, medical_facility)
VALUES ('790250000001-c', '2024-02-10', N'Mỡ máu', '79025'),
       ('790250000002-c', '2024-02-10', N'Tiểu đường', '79025'),
       ('790240000001-c', '2024-02-10', N'Hở mạch vành', '79024');

INSERT INTO pharmacy_management.orders (order_id, order_date, ship_to_address, payment_method, customer_id, employee_id,
                                        prescription_id, discount)
VALUES ('OR3009241501001', CAST('2024-09-30 10:30:00' AS DATETIME), N'Vười Lài', 'BANK_TRANSFER', '0123456987',
        'EP1501', '790250000001-c', 0),
       ('OR3010240302002', NOW(), N'Vười Lài', 'BANK_TRANSFER', '0123456798',
        'EP0302', '790250000002-c', 0),
       ('OR3010240903003', NOW(), N'Quận Tân Bình', 'BANK_TRANSFER', '0123456798',
        'EP0903', '790240000001-c', 0),
       ('OR2010241501004', CAST('2024-09-30 10:30:00' AS DATETIME), N'Quận Bình Tân', 'BANK_TRANSFER', '0123456789',
        'EP1501', '790250000002-c', 0),
       ('OR3010241501005', NOW(), N'Quận 1', 'BANK_TRANSFER', '0123456798',
        'EP1501', null, 0),
       ('OR0806241501006', CAST('2024-06-08 10:30:00' AS DATETIME), N'Vười Lài', 'BANK_TRANSFER', '0123456789',
        'EP1501', null, 0),
       ('OR2504250830007', NOW(), N'12, Nguyễn Văn Bảo, P.4, Q.GV, HCM', 'BANK_TRANSFER', '0123456789',
        'EP1501', null, 0),
       ('OR2504250830008', NOW(), N'12, Nguyễn Văn Bảo, P.4, Q.GV, HCM', 'BANK_TRANSFER', '0123456798',
        'EP0302', null, 0),
       ('OR2504250830009', NOW(), N'12, Nguyễn Văn Bảo, P.4, Q.GV, HCM', 'BANK_TRANSFER', '0123456987',
        'EP0903', '790240000001-c', 0),
       ('OR2504250830010', NOW(), N'12, Nguyễn Văn Bảo, P.4, Q.GV, HCM', 'BANK_TRANSFER', '0123456789',
        'EP0302', null, 0),
       ('OR2504250830011', NOW(), N'Quận Tân Bình', 'BANK_TRANSFER', '0123456798',
        'EP0903', null, 0),
       ('OR2504250830012', NOW(), N'12, Nguyễn Văn Bảo, P.4, Q.GV, HCM', 'BANK_TRANSFER', '0123456987',
        'EP1501', '790250000002-c', 0),
       ('OR2504250830013', NOW(), N'Quận Bình Tân', 'BANK_TRANSFER', '0123456789',
        'EP0302', null, 0),
       ('OR2504250830014', NOW(), N'Quận 1', 'BANK_TRANSFER', '0123456798',
        'EP1501', null, 0),
       ('OR2504250830015', NOW(), N'Vười Lài', 'BANK_TRANSFER', '0123456987',
        'EP0302', null, 0),
       ('OR2504250830016', NOW(), N'Quận Tân Bình', 'BANK_TRANSFER', '0123456789',
        'EP0903', null, 0),
       ('OR2504250830017', NOW(), N'12, Nguyễn Văn Bảo, P.4, Q.GV, HCM', 'BANK_TRANSFER', '0123456798',
        'EP1501', null, 0),
       ('OR2504250830018', NOW(), N'Quận Bình Tân', 'BANK_TRANSFER', '0123456987',
        'EP0302', null, 0),
       ('OR2504250830019', NOW(), N'Quận 1', 'BANK_TRANSFER', '0123456789',
        'EP0903', null, 0),
       ('OR2504250830020', NOW(), N'Vười Lài', 'BANK_TRANSFER', '0123456798',
        'EP1501', '790250000002-c', 0),
       ('OR2504250830021', NOW(), N'Quận Tân Bình', 'BANK_TRANSFER', '0123456987',
        'EP0302', null, 0),
       ('OR2504250830022', NOW(), N'12, Nguyễn Văn Bảo, P.4, Q.GV, HCM', 'BANK_TRANSFER',
        '0123456789',
        'EP0903', '790240000001-c', 0),
       ('OR2504250830023', NOW(), N'Quận Bình Tân', 'BANK_TRANSFER', '0123456798',
        'EP1501', null, 0),
       ('OR2504250830024', NOW(), N'Quận 1', 'BANK_TRANSFER', '0123456987',
        'EP0302', '790250000002-c', 0),
       ('OR2504250830025', NOW(), N'Vười Lài', 'BANK_TRANSFER', '0123456789',
        'EP0903', null, 0);

-- Thêm dữ liệu Product

INSERT INTO pharmacy_management.products(product_id, product_name, tax_percentage, purchase_price, registration_number,
                                         end_date, promotion_id, vendor_id, category_id, unit_note)
VALUES ('PF111224000001', 'Beroglobin', 0.1, 333000.00, '10040.KD.13.519', '2025-01-20', null, 'VDVN003', 'CA020',
        'BIN(150), BOX(24)'),
       ('PF131224000001', 'Beroglobin', 0.1, 333000.00, '10040.KD.13.619', '2025-01-20', null, 'VDVN003', 'CA020',
        'BIN(150), BOX(24)'),
       ('PF131224000020', 'Beroglobin', 0.1, 333000.00, '10040.KD.13.640', '2025-01-20', null, 'VDVN003', 'CA020',
        'BIN(150), BOX(24)'),
       ('PF240425000001', 'Beroglobin', 0.1, 333000.00, '10040.KD.13.669', '2025-01-20', null, 'VDVN003', 'CA020',
        'BIN(150), BOX(24)'),
       ('PM111224000001', 'MORIHEPAMIN', 0.05, 401011.00, '10040.KD.13.500', '2025-01-01', null, 'VDVN001', 'CA001',
        'BOX(293), BLISTER_PACK(10), PILL(6)'),
       ('PM111224000002', 'Optimox Sterile eye Drops', 0.05, 40232.00, '10040.KD.13.501', '2025-01-02', null, 'VDVN002',
        'CA002', 'BOX(234), BLISTER_PACK(6), PILL(4)'),
       ('PM111224000003', 'Oxaliplatin', 0.05, 40386.00, '10040.KD.13.502', '2025-01-03', null, 'VDVN003', 'CA003',
        'BOX(234), BLISTER_PACK(2), PILL(8)'),
       ('PM111224000004', 'STULCER', 0.05, 40678.00, '10040.KD.13.503', '2025-01-04', null, 'VDVN001', 'CA004',
        'BOX(223), BLISTER_PACK(10), PILL(6)'),
       ('PM111224000005', 'Tenovir', 0.05, 40277.00, '10040.KD.13.504', '2025-01-05', null, 'VDVN002', 'CA005',
        'BOX(242), BLISTER_PACK(6), PILL(4)'),
       ('PM111224000006', 'Cyclogest', 0.05, 40795.00, '10040.KD.13.505', '2025-01-06', null, 'VDVN003', 'CA006',
        'BOX(334), BLISTER_PACK(2), PILL(8)'),
       ('PM111224000007', 'NIVALIN', 0.05, 4083.00, '10040.KD.13.506', '2025-01-07', null, 'VDVN001', 'CA007',
        'BOX(223), BLISTER_PACK(10), PILL(6)'),
       ('PM111224000008', 'NIVALIN', 0.05, 4083.00, '10040.KD.13.507', '2025-01-08', null, 'VDVN002', 'CA008',
        'BOX(443), BLISTER_PACK(6), PILL(4)'),
       ('PM111224000009', 'Saidarcin 5', 0.05, 40371.00, '10040.KD.13.508', '2025-01-09', null, 'VDVN003', 'CA009',
        'BOX(223), BLISTER_PACK(2), PILL(8)'),
       ('PM111224000010', 'Saidarcin 10', 0.05, 40371.00, '10040.KD.13.509', '2025-01-10', null, 'VDVN001', 'CA010',
        'BOX(293), BLISTER_PACK(10), PILL(6)'),
       ('PM111224000011', 'Luotai', 0.05, 40574.00, '10040.KD.13.510', '2025-01-11', null, 'VDVN002', 'CA011',
        'BOX(234), BLISTER_PACK(6), PILL(4)'),
       ('PM111224000012', 'DAKTARIN Oral gel', 0.05, 40295.00, '10040.KD.13.511', '2025-01-12', null, 'VDVN003',
        'CA012', 'BOX(234), BLISTER_PACK(2), PILL(8)'),
       ('PM111224000013', 'NIZORAL SAMPOO', 0.05, 40293.00, '10040.KD.13.512', '2025-01-13', null, 'VDVN001', 'CA013',
        'BOX(223), BLISTER_PACK(10), PILL(6)'),
       ('PM111224000014', 'CAPECELLE', 0.05, 40347.00, '10040.KD.13.513', '2025-01-14', null, 'VDVN002', 'CA014',
        'BOX(342), BLISTER_PACK(6), PILL(4)'),
       ('PM111224000015', 'Digoxin', 0.05, 40532.00, '10040.KD.13.514', '2025-01-15', null, 'VDVN003', 'CA015',
        'BOX(334), BLISTER_PACK(2), PILL(8)'),
       ('PM111224000016', 'Misulone', 0.05, 40216.00, '10040.KD.13.515', '2025-01-16', null, 'VDVN001', 'CA016',
        'BOX(223), BLISTER_PACK(10), PILL(6)'),
       ('PM111224000017', 'Methotrexate', 0.05, 40381.00, '10040.KD.13.516', '2025-01-17', null, 'VDVN002', 'CA017',
        'BOX(443), BLISTER_PACK(6), PILL(4)'),
       ('PM111224000018', 'Nimotop', 0.05, 40572.00, '10040.KD.13.517', '2025-01-18', null, 'VDVN003', 'CA018',
        'BOX(223), BLISTER_PACK(2), PILL(8)'),
       ('PM111224000019', 'Refresh Plus', 0.05, 40876.00, '10040.KD.13.518', '2025-01-19', null, 'VDVN003', 'CA001',
        'BOX(223), BLISTER_PACK(10), PILL(6)'),
       ('PM131224000001', 'MORIHEPAMIN', 0.05, 401011.00, '10040.KD.13.600', '2025-01-01', null, 'VDVN001', 'CA001',
        'BOX(293), BLISTER_PACK(10), PILL(6)'),
       ('PM131224000002', 'Optimox Sterile eye Drops', 0.05, 40232.00, '10040.KD.13.601', '2025-01-02', null, 'VDVN002',
        'CA002', 'BOX(234), BLISTER_PACK(6), PILL(4)'),
       ('PM131224000003', 'Oxaliplatin', 0.05, 40386.00, '10040.KD.13.602', '2025-01-03', null, 'VDVN003', 'CA003',
        'BOX(234), BLISTER_PACK(2), PILL(8)'),
       ('PM131224000004', 'STULCER', 0.05, 40678.00, '10040.KD.13.603', '2025-01-04', null, 'VDVN001', 'CA004',
        'BOX(223), BLISTER_PACK(10), PILL(6)'),
       ('PM131224000005', 'Tenovir', 0.05, 40277.00, '10040.KD.13.604', '2025-01-05', null, 'VDVN002', 'CA005',
        'BOX(242), BLISTER_PACK(6), PILL(4)'),
       ('PM131224000006', 'Cyclogest', 0.05, 40795.00, '10040.KD.13.605', '2025-01-06', null, 'VDVN003', 'CA006',
        'BOX(334), BLISTER_PACK(2), PILL(8)'),
       ('PM131224000007', 'NIVALIN', 0.05, 4083.00, '10040.KD.13.606', '2025-01-07', null, 'VDVN001', 'CA007',
        'BOX(223), BLISTER_PACK(10), PILL(6)'),
       ('PM131224000008', 'NIVALIN', 0.05, 4083.00, '10040.KD.13.607', '2025-01-08', null, 'VDVN002', 'CA008',
        'BOX(443), BLISTER_PACK(6), PILL(4)'),
       ('PM131224000009', 'Saidarcin 5', 0.05, 40371.00, '10040.KD.13.608', '2025-01-09', null, 'VDVN003', 'CA009',
        'BOX(223), BLISTER_PACK(2), PILL(8)'),
       ('PM131224000010', 'Saidarcin 10', 0.05, 40371.00, '10040.KD.13.609', '2025-01-10', null, 'VDVN001', 'CA010',
        'BOX(293), BLISTER_PACK(10), PILL(6)'),
       ('PM131224000011', 'Luotai', 0.05, 40574.00, '10040.KD.13.610', '2025-01-11', null, 'VDVN002', 'CA011',
        'BOX(234), BLISTER_PACK(6), PILL(4)'),
       ('PM131224000012', 'DAKTARIN Oral gel', 0.05, 40295.00, '10040.KD.13.611', '2025-01-12', null, 'VDVN003',
        'CA012', 'BOX(234), BLISTER_PACK(2), PILL(8)'),
       ('PM131224000013', 'NIZORAL SAMPOO', 0.05, 40293.00, '10040.KD.13.612', '2025-01-13', null, 'VDVN001', 'CA013',
        'BOX(223), BLISTER_PACK(10), PILL(6)'),
       ('PM131224000014', 'CAPECELLE', 0.05, 40347.00, '10040.KD.13.613', '2025-01-14', null, 'VDVN002', 'CA014',
        'BOX(342), BLISTER_PACK(6), PILL(4)'),
       ('PM131224000015', 'Digoxin', 0.05, 40532.00, '10040.KD.13.614', '2025-01-15', null, 'VDVN003', 'CA015',
        'BOX(334), BLISTER_PACK(2), PILL(8)'),
       ('PM131224000016', 'Misulone', 0.05, 40216.00, '10040.KD.13.615', '2025-01-16', null, 'VDVN001', 'CA016',
        'BOX(223), BLISTER_PACK(10), PILL(6)'),
       ('PM131224000017', 'Methotrexate', 0.05, 40381.00, '10040.KD.13.616', '2025-01-17', null, 'VDVN002', 'CA017',
        'BOX(443), BLISTER_PACK(6), PILL(4)'),
       ('PM131224000018', 'Nimotop', 0.05, 40572.00, '10040.KD.13.617', '2025-01-18', null, 'VDVN003', 'CA018',
        'BOX(223), BLISTER_PACK(2), PILL(8)'),
       ('PM131224000019', 'Refresh Plus', 0.05, 40876.00, '10040.KD.13.618', '2025-01-19', null, 'VDVN003', 'CA001',
        'BOX(223), BLISTER_PACK(10), PILL(6)'),
       ('PM131224000020', 'MORIHEPAMIN', 0.05, 401011.00, '10040.KD.13.621', '2025-01-01', null, 'VDVN001', 'CA001',
        'BOX(293), BLISTER_PACK(10), PILL(6)'),
       ('PM131224000021', 'Optimox Sterile eye Drops', 0.05, 40232.00, '10040.KD.13.622', '2025-01-02', null, 'VDVN002',
        'CA002', 'BOX(234), BLISTER_PACK(6), PILL(4)'),
       ('PM131224000022', 'Oxaliplatin', 0.05, 40386.00, '10040.KD.13.623', '2025-01-03', null, 'VDVN003', 'CA003',
        'BOX(234), BLISTER_PACK(2), PILL(8)'),
       ('PM131224000023', 'STULCER', 0.05, 40678.00, '10040.KD.13.624', '2025-01-04', null, 'VDVN001', 'CA004',
        'BOX(223), BLISTER_PACK(10), PILL(6)'),
       ('PM131224000024', 'Tenovir', 0.05, 40277.00, '10040.KD.13.625', '2025-01-05', null, 'VDVN002', 'CA005',
        'BOX(242), BLISTER_PACK(6), PILL(4)'),
       ('PM131224000025', 'Cyclogest', 0.05, 40795.00, '10040.KD.13.626', '2025-01-06', null, 'VDVN003', 'CA006',
        'BOX(334), BLISTER_PACK(2), PILL(8)'),
       ('PM131224000026', 'NIVALIN', 0.05, 4083.00, '10040.KD.13.627', '2025-01-07', null, 'VDVN001', 'CA007',
        'BOX(223), BLISTER_PACK(10), PILL(6)'),
       ('PM131224000027', 'NIVALIN', 0.05, 4083.00, '10040.KD.13.628', '2025-01-08', null, 'VDVN002', 'CA008',
        'BOX(443), BLISTER_PACK(6), PILL(4)'),
       ('PM131224000028', 'Saidarcin 5', 0.05, 40371.00, '10040.KD.13.629', '2025-01-09', null, 'VDVN003', 'CA009',
        'BOX(223), BLISTER_PACK(2), PILL(8)'),
       ('PM131224000029', 'Saidarcin 10', 0.05, 40371.00, '10040.KD.13.630', '2025-01-10', null, 'VDVN001', 'CA010',
        'BOX(293), BLISTER_PACK(10), PILL(6)'),
       ('PM131224000030', 'Luotai', 0.05, 40574.00, '10040.KD.13.631', '2025-01-11', null, 'VDVN002', 'CA011',
        'BOX(234), BLISTER_PACK(6), PILL(4)'),
       ('PM131224000031', 'DAKTARIN Oral gel', 0.05, 40295.00, '10040.KD.13.632', '2025-01-12', null, 'VDVN003',
        'CA012', 'BOX(234), BLISTER_PACK(2), PILL(8)'),
       ('PM131224000032', 'NIZORAL SAMPOO', 0.05, 40293.00, '10040.KD.13.633', '2025-01-13', null, 'VDVN001', 'CA013',
        'BOX(223), BLISTER_PACK(10), PILL(6)'),
       ('PM131224000033', 'CAPECELLE', 0.05, 40347.00, '10040.KD.13.634', '2025-01-14', null, 'VDVN002', 'CA014',
        'BOX(342), BLISTER_PACK(6), PILL(4)'),
       ('PM131224000034', 'Digoxin', 0.05, 40532.00, '10040.KD.13.635', '2025-01-15', null, 'VDVN003', 'CA015',
        'BOX(334), BLISTER_PACK(2), PILL(8)'),
       ('PM131224000035', 'Misulone', 0.05, 40216.00, '10040.KD.13.636', '2025-01-16', null, 'VDVN001', 'CA016',
        'BOX(223), BLISTER_PACK(10), PILL(6)'),
       ('PM131224000036', 'Methotrexate', 0.05, 40381.00, '10040.KD.13.637', '2025-01-17', null, 'VDVN002', 'CA017',
        'BOX(443), BLISTER_PACK(6), PILL(4)'),
       ('PM131224000037', 'Nimotop', 0.05, 40572.00, '10040.KD.13.638', '2025-01-18', null, 'VDVN003', 'CA018',
        'BOX(223), BLISTER_PACK(2), PILL(8)'),
       ('PM131224000038', 'Refresh Plus', 0.05, 40876.00, '10040.KD.13.639', '2025-01-19', null, 'VDVN003', 'CA001',
        'BOX(223), BLISTER_PACK(10), PILL(6)'),
       ('PM240425000001', 'MORIHEPAMIN', 0.05, 401011.00, '10040.KD.13.650', '2025-01-01', null, 'VDVN001', 'CA001',
        'BOX(293), BLISTER_PACK(10), PILL(6)'),
       ('PM240425000002', 'Optimox Sterile eye Drops', 0.05, 40232.00, '10040.KD.13.651', '2025-01-02', null, 'VDVN002',
        'CA002', 'BOX(234), BLISTER_PACK(6), PILL(4)'),
       ('PM240425000003', 'Oxaliplatin', 0.05, 40386.00, '10040.KD.13.652', '2025-01-03', null, 'VDVN003', 'CA003',
        'BOX(234), BLISTER_PACK(2), PILL(8)'),
       ('PM240425000004', 'STULCER', 0.05, 40678.00, '10040.KD.13.653', '2025-01-04', null, 'VDVN001', 'CA004',
        'BOX(223), BLISTER_PACK(10), PILL(6)'),
       ('PM240425000005', 'Tenovir', 0.05, 40277.00, '10040.KD.13.654', '2025-01-05', null, 'VDVN002', 'CA005',
        'BOX(242), BLISTER_PACK(6), PILL(4)'),
       ('PM240425000006', 'Cyclogest', 0.05, 40795.00, '10040.KD.13.655', '2025-01-06', null, 'VDVN003', 'CA006',
        'BOX(334), BLISTER_PACK(2), PILL(8)'),
       ('PM240425000007', 'NIVALIN', 0.05, 4083.00, '10040.KD.13.656', '2025-01-07', null, 'VDVN001', 'CA007',
        'BOX(223), BLISTER_PACK(10), PILL(6)'),
       ('PM240425000008', 'NIVALIN', 0.05, 4083.00, '10040.KD.13.657', '2025-01-08', null, 'VDVN002', 'CA008',
        'BOX(443), BLISTER_PACK(6), PILL(4)'),
       ('PM240425000009', 'Saidarcin 5', 0.05, 40371.00, '10040.KD.13.658', '2025-01-09', null, 'VDVN003', 'CA009',
        'BOX(223), BLISTER_PACK(2), PILL(8)'),
       ('PM240425000010', 'Saidarcin 10', 0.05, 40371.00, '10040.KD.13.659', '2025-01-10', null, 'VDVN001', 'CA010',
        'BOX(293), BLISTER_PACK(10), PILL(6)'),
       ('PM240425000011', 'Luotai', 0.05, 40574.00, '10040.KD.13.660', '2025-01-11', null, 'VDVN002', 'CA011',
        'BOX(234), BLISTER_PACK(6), PILL(4)'),
       ('PM240425000012', 'DAKTARIN Oral gel', 0.05, 40295.00, '10040.KD.13.661', '2025-01-12', null, 'VDVN003',
        'CA012', 'BOX(234), BLISTER_PACK(2), PILL(8)'),
       ('PM240425000013', 'NIZORAL SAMPOO', 0.05, 40293.00, '10040.KD.13.662', '2025-01-13', null, 'VDVN001', 'CA013',
        'BOX(223), BLISTER_PACK(10), PILL(6)'),
       ('PM240425000014', 'CAPECELLE', 0.05, 40347.00, '10040.KD.13.663', '2025-01-14', null, 'VDVN002', 'CA014',
        'BOX(342), BLISTER_PACK(6), PILL(4)'),
       ('PM240425000015', 'Digoxin', 0.05, 40532.00, '10040.KD.13.664', '2025-01-15', null, 'VDVN003', 'CA015',
        'BOX(334), BLISTER_PACK(2), PILL(8)'),
       ('PM240425000016', 'Misulone', 0.05, 40216.00, '10040.KD.13.665', '2025-01-16', null, 'VDVN001', 'CA016',
        'BOX(223), BLISTER_PACK(10), PILL(6)'),
       ('PM240425000017', 'Methotrexate', 0.05, 40381.00, '10040.KD.13.666', '2025-01-17', null, 'VDVN002', 'CA017',
        'BOX(443), BLISTER_PACK(6), PILL(4)'),
       ('PM240425000018', 'Nimotop', 0.05, 40572.00, '10040.KD.13.667', '2025-01-18', null, 'VDVN003', 'CA018',
        'BOX(223), BLISTER_PACK(2), PILL(8)'),
       ('PM240425000019', 'Refresh Plus', 0.05, 40876.00, '10040.KD.13.668', '2025-01-19', null, 'VDVN003', 'CA001',
        'BOX(223), BLISTER_PACK(10), PILL(6)'),
       ('PS111224000001', 'Băng gạc', 0.05, 2000.00, '10040.KD.13.520', '2025-01-21', null, 'VDVN003', 'CA019',
        'BIN(100), PACK(20)'),
       ('PS131224000001', 'Băng gạc', 0.05, 100000.00, '10040.KD.13.620', '2025-01-21', null, 'VDVN003', 'CA019',
        'BIN(100), PACK(20)'),
       ('PS131224000020', 'Băng gạc', 0.05, 100000.00, '10040.KD.13.641', '2025-01-21', null, 'VDVN003', 'CA019',
        'BIN(100), PACK(20)'),
       ('PS240425000001', 'Băng gạc', 0.05, 100000.00, '10040.KD.13.670', '2025-01-21', null, 'VDVN003', 'CA019',
        'BIN(100), PACK(20)');


INSERT INTO pharmacy_management.order_details (unit, order_quantity, product_id, order_id)
VALUES
    -- Chi tiết cho các Order ID gốc
    ('PILL', 2, 'PM111224000001', 'OR3009241501001'),
    ('BIN', 1, 'PF111224000001', 'OR3009241501001'),
    ('BLISTER_PACK', 3, 'PM131224000002', 'OR3010240302002'),
    ('PACK', 5, 'PS111224000001', 'OR3010240302002'),
    ('PACK', 5, 'PS131224000001', 'OR3010240903003'),
    ('BIN', 2, 'PM111224000003', 'OR3010240903003'),
    ('BOX', 10, 'PF131224000001', 'OR2010241501004'),
    ('PILL', 50, 'PM111224000004', 'OR2010241501004'),
    ('BLISTER_PACK', 7, 'PM131224000005', 'OR3010241501005'),
    ('BIN', 1, 'PF131224000020', 'OR3010241501005'),
    ('PILL', 100, 'PM111224000006', 'OR0806241501006'),
    ('PACK', 3, 'PS240425000001', 'OR0806241501006'),
    ('PILL', 2, 'PM240425000007', 'OR2504250830007'),
    ('BOX', 1, 'PM240425000007', 'OR2504250830007'),
    ('BLISTER_PACK', 4, 'PM131224000008', 'OR2504250830008'),
    ('PILL', 10, 'PM111224000009', 'OR2504250830009'),
    ('BIN', 1, 'PS131224000020', 'OR2504250830009'),
    ('BOX', 2, 'PM131224000010', 'OR2504250830010'),
    ('PILL', 30, 'PM240425000011', 'OR2504250830010'),
    ('BLISTER_PACK', 5, 'PM131224000011', 'OR2504250830011'),
    ('PACK', 2, 'PS111224000001', 'OR2504250830011'),
    ('PILL', 60, 'PM111224000012', 'OR2504250830012'),
    ('BOX', 1, 'PM131224000012', 'OR2504250830012'),
    ('BIN', 1, 'PF111224000001', 'OR2504250830013'),
    ('PILL', 80, 'PM240425000013', 'OR2504250830013'),
    ('BLISTER_PACK', 8, 'PM131224000014', 'OR2504250830014'),
    ('PACK', 4, 'PS131224000001', 'OR2504250830014'),
    ('PILL', 120, 'PM111224000015', 'OR2504250830015'),
    ('BOX', 2, 'PM131224000015', 'OR2504250830015'),
    ('BIN', 1, 'PF131224000001', 'OR2504250830016'),
    ('PILL', 40, 'PM240425000016', 'OR2504250830016'),
    ('BLISTER_PACK', 6, 'PM131224000017', 'OR2504250830017'),
    ('PACK', 3, 'PS240425000001', 'OR2504250830017'),
    ('PILL', 90, 'PM111224000018', 'OR2504250830018'),
    ('BOX', 1, 'PM131224000018', 'OR2504250830018'),
    ('BIN', 2, 'PF131224000020', 'OR2504250830019'),
    ('PILL', 70, 'PM240425000019', 'OR2504250830019'),
    ('BLISTER_PACK', 9, 'PM131224000019', 'OR2504250830020'),
    ('PACK', 5, 'PS131224000020', 'OR2504250830020'),
    ('PILL', 110, 'PM111224000010', 'OR2504250830021'),
    ('BOX', 3, 'PM131224000010', 'OR2504250830021'),
    ('BIN', 1, 'PF240425000001', 'OR2504250830022'),
    ('PILL', 55, 'PM240425000001', 'OR2504250830022'),
    ('BLISTER_PACK', 7, 'PM131224000020', 'OR2504250830023'),
    ('PACK', 4, 'PS111224000001', 'OR2504250830023'),
    ('PILL', 85, 'PM131224000021', 'OR2504250830024'),
    ('BOX', 2, 'PM131224000021', 'OR2504250830024'),
    ('BIN', 1, 'PF111224000001', 'OR2504250830025'),
    ('PILL', 45, 'PM240425000002', 'OR2504250830025'),
    ('BOX', 5, 'PF111224000001', 'OR3009241501001'),
    ('BLISTER_PACK', 10, 'PM131224000001', 'OR3009241501001'),
    ('BIN', 1, 'PM111224000002', 'OR3010240302002'),
    ('PILL', 20, 'PM131224000003', 'OR3010240302002'),
    ('BLISTER_PACK', 3, 'PM131224000004', 'OR3010240903003'),
    ('BOX', 1, 'PF131224000001', 'OR3010240903003'),
    ('PACK', 8, 'PS131224000001', 'OR2010241501004'),
    ('BIN', 2, 'PM111224000005', 'OR2010241501004'),
    ('PILL', 40, 'PM131224000006', 'OR3010241501005'),
    ('BOX', 1, 'PM131224000006', 'OR3010241501005'),
    ('BLISTER_PACK', 5, 'PM131224000007', 'OR0806241501006'),
    ('BIN', 1, 'PF131224000020', 'OR0806241501006'),
    ('PILL', 3, 'PM111224000008', 'OR2504250830007'),
    ('BOX', 1, 'PM131224000009', 'OR2504250830009'),
    ('PILL', 15, 'PM111224000010', 'OR2504250830009'),
    ('BLISTER_PACK', 2, 'PM131224000011', 'OR2504250830010'),
    ('PACK', 3, 'PS111224000001', 'OR2504250830010'),
    ('PILL', 25, 'PM111224000012', 'OR2504250830011'),
    ('BOX', 1, 'PM131224000013', 'OR2504250830012'),
    ('BLISTER_PACK', 4, 'PM131224000014', 'OR2504250830013'),
    ('BIN', 1, 'PS131224000001', 'OR2504250830013'),
    ('PILL', 35, 'PM111224000015', 'OR2504250830014'),
    ('BOX', 1, 'PM131224000016', 'OR2504250830014'),
    ('BLISTER_PACK', 6, 'PM131224000017', 'OR2504250830015'),
    ('PACK', 2, 'PS240425000001', 'OR2504250830015'),
    ('PILL', 45, 'PM111224000018', 'OR2504250830016'),
    ('BOX', 1, 'PM131224000019', 'OR2504250830016'),
    ('BLISTER_PACK', 7, 'PM131224000020', 'OR2504250830017'),
    ('BIN', 1, 'PF111224000001', 'OR2504250830017'),
    ('PILL', 55, 'PM111224000001', 'OR2504250830018'),
    ('BLISTER_PACK', 8, 'PM131224000002', 'OR2504250830019'),
    ('BOX', 1, 'PM131224000003', 'OR2504250830020'),
    ('PILL', 65, 'PM111224000004', 'OR2504250830020'),
    ('BLISTER_PACK', 9, 'PM131224000005', 'OR2504250830021'),
    ('PACK', 4, 'PS111224000001', 'OR2504250830021'),
    ('PILL', 75, 'PM111224000006', 'OR2504250830022'),
    ('BOX', 1, 'PM131224000007', 'OR2504250830022'),
    ('BLISTER_PACK', 10, 'PM131224000008', 'OR2504250830023'),
    ('BIN', 1, 'PF131224000001', 'OR2504250830023'),
    ('PILL', 85, 'PM111224000009', 'OR2504250830024'),
    ('BOX', 1, 'PM131224000010', 'OR2504250830024'),
    ('BLISTER_PACK', 11, 'PM131224000011', 'OR2504250830025'),
    ('PACK', 5, 'PS131224000001', 'OR2504250830025');

INSERT INTO pharmacy_management.product_units(product_id, unit_name, in_stock, sell_price)
VALUES ('PM111224000001', 'PILL', 515094, 250.917),
       ('PM111224000001', 'BIN', 293, 449132.32),
       ('PM111224000002', 'PILL', 932, 47.2812),
       ('PM111224000002', 'BIN', 234, 46266.80),
       ('PM111224000003', 'PILL', 1537, 23.7311),
       ('PM111224000003', 'BIN', 232, 46443.90),
       ('PM111224000004', 'PILL', 298374, 33.4423),
       ('PM111224000004', 'BIN', 223, 46779.70),
       ('PM111224000005', 'PILL', 331056, 45.7693),
       ('PM111224000005', 'BIN', 342, 46318.55),
       ('PM111224000006', 'PILL', 892429, 16.7943),
       ('PM111224000006', 'BIN', 334, 46914.25),
       ('PM111224000007', 'PILL', 298374, 3.3567),
       ('PM111224000007', 'BIN', 223, 4491.30),
       ('PM111224000008', 'PILL', 784995, 2.5346),
       ('PM111224000008', 'BIN', 443, 4491.30),
       ('PM111224000009', 'PILL', 397832, 24.8924),
       ('PM111224000009', 'BIN', 223, 46426.65),
       ('PM111224000010', 'PILL', 515094, 25.2606),
       ('PM111224000010', 'BIN', 293, 46426.65),
       ('PM111224000011', 'PILL', 219024, 47.6831),
       ('PM111224000011', 'BIN', 234, 46660.10),
       ('PM111224000012', 'PILL', 438048, 23.6776),
       ('PM111224000012', 'BIN', 234, 46339.25),
       ('PM111224000013', 'PILL', 298174, 33.1258),
       ('PM111224000013', 'BIN', 223, 46336.95),
       ('PM111224000014', 'PILL', 467816, 32.4428),
       ('PM111224000014', 'BIN', 342, 46399.05),
       ('PM111224000015', 'PILL', 2591, 16.6861),
       ('PM111224000015', 'BIN', 334, 46611.80),
       ('PM111224000016', 'PILL', 298359, 33.0625),
       ('PM111224000016', 'BIN', 223, 46248.40),
       ('PM111224000017', 'PILL', 784996, 25.0672),
       ('PM111224000017', 'BIN', 443, 46438.15),
       ('PM111224000018', 'PILL', 397832, 25.0164),
       ('PM111224000018', 'BIN', 223, 46657.80),
       ('PM111224000019', 'PILL', 298374, 33.6051),
       ('PM111224000019', 'BIN', 223, 47007.40),
       ('PF111224000001', 'BIN', 32, 389610.00),
       ('PF111224000001', 'BOX', 752, 106.375),
       ('PS111224000001', 'PACK', 0, 1.10),
       ('PS111224000001', 'BIN', 0, 2200.00),
       ('PM131224000001', 'PILL', 17580, 7686.0442),
       ('PM131224000001', 'BLISTER_PACK', 2930, 46116.265),
       ('PM131224000001', 'BOX', 293, 449132.32),
       ('PM131224000002', 'PILL', 5616, 1843.9667),
       ('PM131224000002', 'BLISTER_PACK', 1404, 7711.1333),
       ('PM131224000002', 'BOX', 234, 46266.80),
       ('PM131224000003', 'PILL', 3744, 2776.5375),
       ('PM131224000003', 'BLISTER_PACK', 468, 23221.95),
       ('PM131224000003', 'BOX', 234, 46443.90),
       ('PM131224000004', 'PILL', 13380, 745.7633),
       ('PM131224000004', 'BLISTER_PACK', 2230, 4474.58),
       ('PM131224000004', 'BOX', 223, 46779.70),
       ('PM131224000005', 'PILL', 5808, 1846.0292),
       ('PM131224000005', 'BLISTER_PACK', 1452, 7719.7583),
       ('PM131224000005', 'BOX', 342, 46318.55),
       ('PM131224000006', 'PILL', 5344, 2804.6563),
       ('PM131224000006', 'BLISTER_PACK', 668, 23457.125),
       ('PM131224000006', 'BOX', 334, 46914.25),
       ('PM131224000007', 'PILL', 13380, 74.855),
       ('PM131224000007', 'BLISTER_PACK', 2230, 449.13),
       ('PM131224000007', 'BOX', 223, 4491.30),
       ('PM131224000008', 'PILL', 10632, 187.1375),
       ('PM131224000008', 'BLISTER_PACK', 2658, 748.55),
       ('PM131224000008', 'BOX', 443, 4491.30),
       ('PM131224000009', 'PILL', 3568, 2775.5063),
       ('PM131224000009', 'BLISTER_PACK', 446, 23213.325),
       ('PM131224000009', 'BOX', 223, 46426.65),
       ('PM131224000010', 'PILL', 17580, 740.135),
       ('PM131224000010', 'BLISTER_PACK', 2930, 4440.81),
       ('PM131224000010', 'BOX', 293, 46426.65),
       ('PM131224000011', 'PILL', 5616, 1859.6417),
       ('PM131224000011', 'BLISTER_PACK', 1404, 7776.6833),
       ('PM131224000011', 'BOX', 234, 46660.10),
       ('PM131224000012', 'PILL', 3744, 2770.2813),
       ('PM131224000012', 'BLISTER_PACK', 468, 23169.625),
       ('PM131224000012', 'BOX', 234, 46339.25),
       ('PM131224000013', 'PILL', 13380, 738.705),
       ('PM131224000013', 'BLISTER_PACK', 2230, 4432.23),
       ('PM131224000013', 'BOX', 223, 46336.95),
       ('PM131224000014', 'PILL', 8208, 1849.2375),
       ('PM131224000014', 'BLISTER_PACK', 2052, 7733.175),
       ('PM131224000014', 'BOX', 342, 46399.05),
       ('PM131224000015', 'PILL', 630, 2786.575),
       ('PM131224000015', 'BLISTER_PACK', 315, 23305.90),
       ('PM131224000015', 'BOX', 315, 46611.80),
       ('PM131224000016', 'PILL', 2180, 737.2933),
       ('PM131224000016', 'BLISTER_PACK', 218, 4423.76),
       ('PM131224000016', 'BOX', 218, 46248.40),
       ('PM131224000017', 'PILL', 10632, 1850.7958),
       ('PM131224000017', 'BLISTER_PACK', 2658, 7739.6917),
       ('PM131224000017', 'BOX', 443, 46438.15),
       ('PM131224000018', 'PILL', 3568, 2789.325),
       ('PM131224000018', 'BLISTER_PACK', 446, 23328.90),
       ('PM131224000018', 'BOX', 223, 46657.80),
       ('PM131224000019', 'PILL', 13380, 749.3933),
       ('PM131224000019', 'BLISTER_PACK', 2230, 4496.36),
       ('PM131224000019', 'BOX', 223, 47007.40),
       ('PF131224000001', 'BIN', 148, 389610.00),
       ('PF131224000001', 'BOX', 3535, 16650.00),
       ('PS131224000001', 'PACK', 2000, 5750.00),
       ('PS131224000001', 'BIN', 100, 112000.00),
       ('PM131224000020', 'PILL', 17580, 7686.0442),
       ('PM131224000020', 'BLISTER_PACK', 2930, 46116.265),
       ('PM131224000020', 'BOX', 293, 449132.32),
       ('PM131224000021', 'PILL', 5616, 1843.9667),
       ('PM131224000021', 'BLISTER_PACK', 1404, 7711.1333),
       ('PM131224000021', 'BOX', 234, 46266.80),
       ('PM131224000022', 'PILL', 3744, 2776.5375),
       ('PM131224000022', 'BLISTER_PACK', 468, 23221.95),
       ('PM131224000022', 'BOX', 234, 46443.90),
       ('PM131224000023', 'PILL', 13380, 745.7633),
       ('PM131224000023', 'BLISTER_PACK', 2230, 4474.58),
       ('PM131224000023', 'BOX', 223, 46779.70),
       ('PM131224000024', 'PILL', 5808, 1846.0292),
       ('PM131224000024', 'BLISTER_PACK', 1452, 7719.7583),
       ('PM131224000024', 'BOX', 342, 46318.55),
       ('PM131224000025', 'PILL', 5344, 2804.6563),
       ('PM131224000025', 'BLISTER_PACK', 668, 23457.125),
       ('PM131224000025', 'BOX', 334, 46914.25),
       ('PM131224000026', 'PILL', 13380, 74.855),
       ('PM131224000026', 'BLISTER_PACK', 2230, 449.13),
       ('PM131224000026', 'BOX', 223, 4491.30),
       ('PM131224000027', 'PILL', 10632, 187.1375),
       ('PM131224000027', 'BLISTER_PACK', 2658, 748.55),
       ('PM131224000027', 'BOX', 443, 4491.30),
       ('PM131224000028', 'PILL', 3568, 2775.5063),
       ('PM131224000028', 'BLISTER_PACK', 446, 23213.325),
       ('PM131224000028', 'BOX', 223, 46426.65),
       ('PM131224000029', 'PILL', 17580, 740.135),
       ('PM131224000029', 'BLISTER_PACK', 2930, 4440.81),
       ('PM131224000029', 'BOX', 293, 46426.65),
       ('PM131224000030', 'PILL', 5616, 1859.6417),
       ('PM131224000030', 'BLISTER_PACK', 1404, 7776.6833),
       ('PM131224000030', 'BOX', 234, 46660.10),
       ('PM131224000031', 'PILL', 3744, 2770.2813),
       ('PM131224000031', 'BLISTER_PACK', 468, 23169.625),
       ('PM131224000031', 'BOX', 234, 46339.25),
       ('PM131224000032', 'PILL', 13380, 738.705),
       ('PM131224000032', 'BLISTER_PACK', 2230, 4432.23),
       ('PM131224000032', 'BOX', 223, 46336.95),
       ('PM131224000033', 'PILL', 8208, 1849.2375),
       ('PM131224000033', 'BLISTER_PACK', 2052, 7733.175),
       ('PM131224000033', 'BOX', 342, 46399.05),
       ('PM131224000034', 'PILL', 5344, 2786.575),
       ('PM131224000034', 'BLISTER_PACK', 668, 23305.90),
       ('PM131224000034', 'BOX', 334, 46611.80),
       ('PM131224000035', 'PILL', 13380, 737.2933),
       ('PM131224000035', 'BLISTER_PACK', 2230, 4423.76),
       ('PM131224000035', 'BOX', 223, 46248.40),
       ('PM131224000036', 'PILL', 10632, 1850.7958),
       ('PM131224000036', 'BLISTER_PACK', 2658, 7739.6917),
       ('PM131224000036', 'BOX', 443, 46438.15),
       ('PM131224000037', 'PILL', 3568, 2789.325),
       ('PM131224000037', 'BLISTER_PACK', 446, 23328.90),
       ('PM131224000037', 'BOX', 223, 46657.80),
       ('PM131224000038', 'PILL', 13380, 749.3933),
       ('PM131224000038', 'BLISTER_PACK', 2230, 4496.36),
       ('PM131224000038', 'BOX', 223, 47007.40),
       ('PF131224000020', 'BIN', 150, 389610.00),
       ('PF131224000020', 'BOX', 3600, 16650.00),
       ('PS131224000020', 'PACK', 2000, 5750.00),
       ('PS131224000020', 'BIN', 100, 112000.00),
       ('PM240425000001', 'PILL', 17580, 7686.0442),
       ('PM240425000001', 'BLISTER_PACK', 2930, 46116.265),
       ('PM240425000001', 'BOX', 293, 449132.32),
       ('PM240425000002', 'PILL', 5616, 1843.9667),
       ('PM240425000002', 'BLISTER_PACK', 1404, 7711.1333),
       ('PM240425000002', 'BOX', 234, 46266.80),
       ('PM240425000003', 'PILL', 3744, 2776.5375),
       ('PM240425000003', 'BLISTER_PACK', 468, 23221.95),
       ('PM240425000003', 'BOX', 234, 46443.90),
       ('PM240425000004', 'PILL', 13380, 745.7633),
       ('PM240425000004', 'BLISTER_PACK', 2230, 4474.58),
       ('PM240425000004', 'BOX', 223, 46779.70),
       ('PM240425000005', 'PILL', 5808, 1846.0292),
       ('PM240425000005', 'BLISTER_PACK', 1452, 7719.7583),
       ('PM240425000005', 'BOX', 342, 46318.55),
       ('PM240425000006', 'PILL', 5344, 2804.6563),
       ('PM240425000006', 'BLISTER_PACK', 668, 23457.125),
       ('PM240425000006', 'BOX', 334, 46914.25),
       ('PM240425000007', 'PILL', 13380, 74.855),
       ('PM240425000007', 'BLISTER_PACK', 2230, 449.13),
       ('PM240425000007', 'BOX', 223, 4491.30),
       ('PM240425000008', 'PILL', 10632, 187.1375),
       ('PM240425000008', 'BLISTER_PACK', 2658, 748.55),
       ('PM240425000008', 'BOX', 443, 4491.30),
       ('PM240425000009', 'PILL', 3568, 2775.5063),
       ('PM240425000009', 'BLISTER_PACK', 446, 23213.325),
       ('PM240425000009', 'BOX', 223, 46426.65),
       ('PM240425000010', 'PILL', 17580, 740.135),
       ('PM240425000010', 'BLISTER_PACK', 2930, 4440.81),
       ('PM240425000010', 'BOX', 293, 46426.65),
       ('PM240425000011', 'PILL', 5616, 1859.6417),
       ('PM240425000011', 'BLISTER_PACK', 1404, 7776.6833),
       ('PM240425000011', 'BOX', 234, 46660.10),
       ('PM240425000012', 'PILL', 3744, 2770.2813),
       ('PM240425000012', 'BLISTER_PACK', 468, 23169.625),
       ('PM240425000012', 'BOX', 234, 46339.25),
       ('PM240425000013', 'PILL', 13380, 738.705),
       ('PM240425000013', 'BLISTER_PACK', 2230, 4432.23),
       ('PM240425000013', 'BOX', 223, 46336.95),
       ('PM240425000014', 'PILL', 8208, 1849.2375),
       ('PM240425000014', 'BLISTER_PACK', 2052, 7733.175),
       ('PM240425000014', 'BOX', 342, 46399.05),
       ('PM240425000015', 'PILL', 5344, 2786.575),
       ('PM240425000015', 'BLISTER_PACK', 668, 23305.90),
       ('PM240425000015', 'BOX', 334, 46611.80),
       ('PM240425000016', 'PILL', 13380, 737.2933),
       ('PM240425000016', 'BLISTER_PACK', 2230, 4423.76),
       ('PM240425000016', 'BOX', 223, 46248.40),
       ('PM240425000017', 'PILL', 10632, 1850.7958),
       ('PM240425000017', 'BLISTER_PACK', 2658, 7739.6917),
       ('PM240425000017', 'BOX', 443, 46438.15),
       ('PM240425000018', 'PILL', 3568, 2789.325),
       ('PM240425000018', 'BLISTER_PACK', 446, 23328.90),
       ('PM240425000018', 'BOX', 223, 46657.80),
       ('PM240425000019', 'PILL', 13380, 749.3933),
       ('PM240425000019', 'BLISTER_PACK', 2230, 4496.36),
       ('PM240425000019', 'BOX', 223, 47007.40),
       ('PF240425000001', 'BIN', 150, 389610.00),
       ('PF240425000001', 'BOX', 3600, 16650.00),
       ('PS240425000001', 'PACK', 2000, 5750.00),
       ('PS240425000001', 'BIN', 100, 112000.00);

INSERT INTO pharmacy_management.functional_foods (product_id, mainNutrients, supplementaryIngredients)
VALUES ('PF111224000001', 'Sắt, VitaminB12', 'SWEETENERS');

INSERT INTO pharmacy_management.medical_supplies(product_id, medicalSupply_type)
VALUES ('PS131224000001', 'Dụng cụ sơ cứu'),
       ('PS111224000001', 'Dụng cụ sơ cứu');

INSERT INTO pharmacy_management.medicines(product_id, activeIngredient, conversionUnit, administrationID)
VALUES ('PM111224000001', 'Paracetamol', 'BIN', 1.01),
       ('PM111224000002', 'Ibuprofen', 'BIN', 1.01),
       ('PM111224000003', 'Amoxiciliin', 'BIN', 1.01),
       ('PM111224000004', 'Paracetamol', 'BIN', 1.01),
       ('PM111224000005', 'Ibuprofen', 'BIN', 1.01),
       ('PM111224000006', 'Amoxiciliin', 'BIN', 1.01),
       ('PM111224000007', 'Paracetamol', 'BIN', 1.01),
       ('PM111224000008', 'Ibuprofen', 'BIN', 1.01),
       ('PM111224000009', 'Amoxiciliin', 'BIN', 1.01),
       ('PM111224000010', 'Paracetamol', 'BIN', 1.01),
       ('PM111224000011', 'Ibuprofen', 'BIN', 1.01),
       ('PM111224000012', 'Amoxiciliin', 'BIN', 1.01),
       ('PM111224000013', 'Paracetamol', 'BIN', 1.01),
       ('PM111224000014', 'Ibuprofen', 'BIN', 1.01),
       ('PM111224000015', 'Amoxiciliin', 'BIN', 1.01),
       ('PM111224000016', 'Paracetamol', 'BIN', 1.01),
       ('PM111224000017', 'Ibuprofen', 'BIN', 1.01),
       ('PM111224000018', 'Amoxiciliin', 'BIN', 1.01),
       ('PM111224000019', 'Paracetamol', 'BIN', 1.01),
       ('PM131224000001', 'Paracetamol', 'BOX', 1.01),
       ('PM131224000002', 'Ibuprofen', 'BOX', 1.01),
       ('PM131224000003', 'Amoxiciliin', 'BOX', 1.01),
       ('PM131224000004', 'Paracetamol', 'BOX', 1.01),
       ('PM131224000005', 'Ibuprofen', 'BOX', 1.01),
       ('PM131224000006', 'Amoxiciliin', 'BOX', 1.01),
       ('PM131224000007', 'Paracetamol', 'BOX', 1.01),
       ('PM131224000008', 'Ibuprofen', 'BOX', 1.01),
       ('PM131224000009', 'Amoxiciliin', 'BOX', 1.01),
       ('PM131224000010', 'Paracetamol', 'BOX', 1.01),
       ('PM131224000011', 'Ibuprofen', 'BOX', 1.01),
       ('PM131224000012', 'Amoxiciliin', 'BOX', 1.01),
       ('PM131224000013', 'Paracetamol', 'BOX', 1.01),
       ('PM131224000014', 'Ibuprofen', 'BOX', 1.01),
       ('PM131224000015', 'Amoxiciliin', 'BOX', 1.01),
       ('PM131224000016', 'Paracetamol', 'BOX', 1.01),
       ('PM131224000017', 'Ibuprofen', 'BOX', 1.01),
       ('PM131224000018', 'Amoxiciliin', 'BOX', 1.01),
       ('PM131224000019', 'Paracetamol', 'BOX', 1.01),
       ('PM131224000020', 'Paracetamol', 'BOX', 1.01),
       ('PM131224000021', 'Ibuprofen', 'BOX', 1.01),
       ('PM131224000022', 'Amoxiciliin', 'BOX', 1.01),
       ('PM131224000023', 'Paracetamol', 'BOX', 1.01),
       ('PM131224000024', 'Ibuprofen', 'BOX', 1.01),
       ('PM131224000025', 'Amoxiciliin', 'BOX', 1.01),
       ('PM131224000026', 'Paracetamol', 'BOX', 1.01),
       ('PM131224000027', 'Ibuprofen', 'BOX', 1.01),
       ('PM131224000028', 'Amoxiciliin', 'BOX', 1.01),
       ('PM131224000029', 'Paracetamol', 'BOX', 1.01),
       ('PM131224000030', 'Ibuprofen', 'BOX', 1.01),
       ('PM131224000031', 'Amoxiciliin', 'BOX', 1.01),
       ('PM131224000032', 'Paracetamol', 'BOX', 1.01),
       ('PM131224000033', 'Ibuprofen', 'BOX', 1.01),
       ('PM131224000034', 'Amoxiciliin', 'BOX', 1.01),
       ('PM131224000035', 'Paracetamol', 'BOX', 1.01),
       ('PM131224000036', 'Ibuprofen', 'BOX', 1.01),
       ('PM131224000037', 'Amoxiciliin', 'BOX', 1.01),
       ('PM131224000038', 'Paracetamol', 'BOX', 1.01),
       ('PM240425000001', 'Paracetamol', 'BOX', 1.01),
       ('PM240425000002', 'Ibuprofen', 'BOX', 1.01),
       ('PM240425000003', 'Amoxiciliin', 'BOX', 1.01),
       ('PM240425000004', 'Paracetamol', 'BOX', 1.01),
       ('PM240425000005', 'Ibuprofen', 'BOX', 1.01),
       ('PM240425000006', 'Amoxiciliin', 'BOX', 1.01),
       ('PM240425000007', 'Paracetamol', 'BOX', 1.01),
       ('PM240425000008', 'Ibuprofen', 'BOX', 1.01),
       ('PM240425000009', 'Amoxiciliin', 'BOX', 1.01),
       ('PM240425000010', 'Paracetamol', 'BOX', 1.01),
       ('PM240425000011', 'Ibuprofen', 'BOX', 1.01),
       ('PM240425000012', 'Amoxiciliin', 'BOX', 1.01),
       ('PM240425000013', 'Paracetamol', 'BOX', 1.01),
       ('PM240425000014', 'Ibuprofen', 'BOX', 1.01),
       ('PM240425000015', 'Amoxiciliin', 'BOX', 1.01),
       ('PM240425000016', 'Paracetamol', 'BOX', 1.01),
       ('PM240425000017', 'Ibuprofen', 'BOX', 1.01),
       ('PM240425000018', 'Amoxiciliin', 'BOX', 1.01),
       ('PM240425000019', 'Paracetamol', 'BOX', 1.01);

-- Thêm dữ liệu cho bảng Unit
# INSERT INTO pharmacy_management.units (unit_id, unit_name, description)
# VALUES (N'U01', N'PILL', N'Viên'),
#        (N'U02', N'BLISTER_PACK', N'Vỉ'),
#        (N'U03', N'PACK', N'Gói'),
#        (N'U04', N'BOTTLE', N'Chai'),
#        (N'U05', N'JAR', N'Lọ'),
#        (N'U06', N'TUBE', N'Tuýp'),
#        (N'U07', N'BAG', N'Túi'),
#        (N'U08', N'AMPOULE', N'Ống'),
#        (N'U09', N'SPRAY_BOTTLE', N'Chai xịt'),
#        (N'U10', N'AEROSOL_CAN', N'Lọ xịt'),
#        (N'U11', N'KIT', N'Bộ kit'),
#        (N'U12', N'BIN', N'Thùng'),
#        (N'U13', N'BOX', N'Hộp'),


# DROP DATABASE pharmacy_management